id,name,description,tactic,technique_attack_id,technique_full_name,windows_command,windows_executor,linux_command,linux_executor,darwin_command,darwin_executor,privilege,payloads,cleanup,target_dir,yml_filename,vars,has_hardcoded_abs_paths_hint
<GENERATE_UUIDv4>,Data Compressed,Ability for Data Compressed (ATT&CK T1002). Generated from Atomic Red Team procedures; review and test safely before use. [AUTO-INFERRED SAFE STUB],exfiltration,T1002,Data Compressed,"type ""#{file_path}"" > NUL",cmd,,,,,,,,stockpile/data/abilities/exfiltration/,T1002__data-compressed.yml,volume,no
<GENERATE_UUIDv4>,Winlogon Helper DLL,Ability for Winlogon Helper DLL (ATT&CK T1004). Generated from Atomic Red Team procedures; review and test safely before use. [AUTO-INFERRED SAFE STUB],persistence,T1004,Winlogon Helper DLL,schtasks /Query /FO LIST /V,cmd,,,,,,,,stockpile/data/abilities/persistence/,T1004__winlogon-helper-dll.yml,,no
<GENERATE_UUIDv4>,Fallback Channels,Ability for Fallback Channels (ATT&CK T1008). Generated from Atomic Red Team procedures; review and test safely before use. [AUTO-INFERRED SAFE STUB],command-and-control,T1008,Fallback Channels,"powershell -NoProfile -Command ""Invoke-WebRequest -UseBasicParsing http://#{c2_host}:#{c2_port}/beacon?id=#{paw} -Method GET""",psh,,,,,,,,stockpile/data/abilities/command-and-control/,T1008__fallback-channels.yml,domain;file,no
<GENERATE_UUIDv4>,Binary Padding,Ability for Binary Padding (ATT&CK T1009). Generated from Atomic Red Team procedures; review and test safely before use. [AUTO-INFERRED SAFE STUB],defense-evasion,T1009,Binary Padding,wevtutil el | findstr /I Security & attrib %USERPROFILE%\*.*,cmd,,,,,,,,stockpile/data/abilities/defense-evasion/,T1009__binary-padding.yml,,no
<GENERATE_UUIDv4>,Exfiltration Over Other Network Medium,Ability for Exfiltration Over Other Network Medium (ATT&CK T1011). Generated from Atomic Red Team procedures; review and test safely before use. [AUTO-INFERRED SAFE STUB],exfiltration,T1011,Exfiltration Over Other Network Medium,"type ""#{file_path}"" > NUL",cmd,,,,,,,,stockpile/data/abilities/exfiltration/,T1011__exfiltration-over-other-network-medium.yml,input_file;output_file,yes
<GENERATE_UUIDv4>,Port Monitors,Ability for Port Monitors (ATT&CK T1013). Generated from Atomic Red Team procedures; review and test safely before use. [AUTO-INFERRED SAFE STUB],persistence,T1013,Port Monitors,schtasks /Query /FO LIST /V,cmd,,,,,,,,stockpile/data/abilities/persistence/,T1013__port-monitors.yml,,no
<GENERATE_UUIDv4>,Accessibility Features,Ability for Accessibility Features (ATT&CK T1015). Generated from Atomic Red Team procedures; review and test safely before use. [AUTO-INFERRED SAFE STUB],persistence,T1015,Accessibility Features,schtasks /Query /FO LIST /V,cmd,,,,,,,,stockpile/data/abilities/persistence/,T1015__accessibility-features.yml,local_file;remote;share_file,no
<GENERATE_UUIDv4>,Application Deployment Software,Ability for Application Deployment Software (ATT&CK T1017). Generated from Atomic Red Team procedures; review and test safely before use. [AUTO-INFERRED SAFE STUB],lateral-movement,T1017,Application Deployment Software,net view && net use && qwinsta,cmd,,,,,,,,stockpile/data/abilities/lateral-movement/,T1017__application-deployment-software.yml,,no
<GENERATE_UUIDv4>,System Firmware,Ability for System Firmware (ATT&CK T1019). Generated from Atomic Red Team procedures; review and test safely before use. [AUTO-INFERRED SAFE STUB],persistence,T1019,System Firmware,schtasks /Query /FO LIST /V,cmd,,,,,,,,stockpile/data/abilities/persistence/,T1019__system-firmware.yml,,no
<GENERATE_UUIDv4>,Data Encrypted,Ability for Data Encrypted (ATT&CK T1022). Generated from Atomic Red Team procedures; review and test safely before use. [AUTO-INFERRED SAFE STUB],exfiltration,T1022,Data Encrypted,"type ""#{file_path}"" > NUL",cmd,,,,,,,,stockpile/data/abilities/exfiltration/,T1022__data-encrypted.yml,,no
<GENERATE_UUIDv4>,Shortcut Modification,Ability for Shortcut Modification (ATT&CK T1023). Generated from Atomic Red Team procedures; review and test safely before use. [AUTO-INFERRED SAFE STUB],persistence,T1023,Shortcut Modification,schtasks /Query /FO LIST /V,cmd,,,,,,,,stockpile/data/abilities/persistence/,T1023__shortcut-modification.yml,,no
<GENERATE_UUIDv4>,Custom Cryptographic Protocol,Ability for Custom Cryptographic Protocol (ATT&CK T1024). Generated from Atomic Red Team procedures; review and test safely before use. [AUTO-INFERRED SAFE STUB],command-and-control,T1024,Custom Cryptographic Protocol,"powershell -NoProfile -Command ""Invoke-WebRequest -UseBasicParsing http://#{c2_host}:#{c2_port}/beacon?id=#{paw} -Method GET""",psh,,,,,,,,stockpile/data/abilities/command-and-control/,T1024__custom-cryptographic-protocol.yml,radmin_exe,no
<GENERATE_UUIDv4>,Multiband Communication,Ability for Multiband Communication (ATT&CK T1026). Generated from Atomic Red Team procedures; review and test safely before use. [AUTO-INFERRED SAFE STUB],command-and-control,T1026,Multiband Communication,"powershell -NoProfile -Command ""Invoke-WebRequest -UseBasicParsing http://#{c2_host}:#{c2_port}/beacon?id=#{paw} -Method GET""",psh,,,,,,,,stockpile/data/abilities/command-and-control/,T1026__multiband-communication.yml,password,yes
<GENERATE_UUIDv4>,Windows Remote Management,Ability for Windows Remote Management (ATT&CK T1028). Generated from Atomic Red Team procedures; review and test safely before use. [AUTO-INFERRED SAFE STUB],execution,T1028,Windows Remote Management,"powershell -NoProfile -Command ""Write-Output \""#{message}\""""",psh,,,,,,,,stockpile/data/abilities/execution/,T1028__windows-remote-management.yml,,no
<GENERATE_UUIDv4>,Modify Existing Service,Ability for Modify Existing Service (ATT&CK T1031). Generated from Atomic Red Team procedures; review and test safely before use. [AUTO-INFERRED SAFE STUB],persistence,T1031,Modify Existing Service,schtasks /Query /FO LIST /V,cmd,,,,,,,,stockpile/data/abilities/persistence/,T1031__modify-existing-service.yml,atomics_dir,no
<GENERATE_UUIDv4>,Standard Cryptographic Protocol,Ability for Standard Cryptographic Protocol (ATT&CK T1032). Generated from Atomic Red Team procedures; review and test safely before use. [AUTO-INFERRED SAFE STUB],command-and-control,T1032,Standard Cryptographic Protocol,"powershell -NoProfile -Command ""Invoke-WebRequest -UseBasicParsing http://#{c2_host}:#{c2_port}/beacon?id=#{paw} -Method GET""",psh,,,,,,,,stockpile/data/abilities/command-and-control/,T1032__standard-cryptographic-protocol.yml,,no
<GENERATE_UUIDv4>,Path Interception,Ability for Path Interception (ATT&CK T1034). Generated from Atomic Red Team procedures; review and test safely before use. [AUTO-INFERRED SAFE STUB],persistence,T1034,Path Interception,schtasks /Query /FO LIST /V,cmd,,,,,,,,stockpile/data/abilities/persistence/,T1034__path-interception.yml,server_ip,no
<GENERATE_UUIDv4>,Service Execution,Ability for Service Execution (ATT&CK T1035). Generated from Atomic Red Team procedures; review and test safely before use. [AUTO-INFERRED SAFE STUB],execution,T1035,Service Execution,"powershell -NoProfile -Command ""Write-Output \""#{message}\""""",psh,,,,,,,,stockpile/data/abilities/execution/,T1035__service-execution.yml,,no
<GENERATE_UUIDv4>,DLL Search Order Hijacking,Ability for DLL Search Order Hijacking (ATT&CK T1038). Generated from Atomic Red Team procedures; review and test safely before use. [AUTO-INFERRED SAFE STUB],defense-evasion,T1038,DLL Search Order Hijacking,wevtutil el | findstr /I Security & attrib %USERPROFILE%\*.*,cmd,,,,,,,,stockpile/data/abilities/defense-evasion/,T1038__dll-search-order-hijacking.yml,user,yes
<GENERATE_UUIDv4>,Change Default File Association,Ability for Change Default File Association (ATT&CK T1042). Generated from Atomic Red Team procedures; review and test safely before use. [AUTO-INFERRED SAFE STUB],persistence,T1042,Change Default File Association,schtasks /Query /FO LIST /V,cmd,,,,,,,,stockpile/data/abilities/persistence/,T1042__change-default-file-association.yml,,no
<GENERATE_UUIDv4>,Commonly Used Port,Ability for Commonly Used Port (ATT&CK T1043). Generated from Atomic Red Team procedures; review and test safely before use. [AUTO-INFERRED SAFE STUB],command-and-control,T1043,Commonly Used Port,"powershell -NoProfile -Command ""Invoke-WebRequest -UseBasicParsing http://#{c2_host}:#{c2_port}/beacon?id=#{paw} -Method GET""",psh,,,,,,,,stockpile/data/abilities/command-and-control/,T1043__commonly-used-port.yml,,no
<GENERATE_UUIDv4>,File System Permissions Weakness,Ability for File System Permissions Weakness (ATT&CK T1044). Generated from Atomic Red Team procedures; review and test safely before use. [AUTO-INFERRED SAFE STUB],persistence,T1044,File System Permissions Weakness,schtasks /Query /FO LIST /V,cmd,,,,,,,,stockpile/data/abilities/persistence/,T1044__file-system-permissions-weakness.yml,filename;jscname;jscpath,yes
<GENERATE_UUIDv4>,Software Packing,Ability for Software Packing (ATT&CK T1045). Generated from Atomic Red Team procedures; review and test safely before use. [AUTO-INFERRED SAFE STUB],defense-evasion,T1045,Software Packing,wevtutil el | findstr /I Security & attrib %USERPROFILE%\*.*,cmd,,,,,,,,stockpile/data/abilities/defense-evasion/,T1045__software-packing.yml,plink_file;pscp_file;vib_file;vib_install;vm_host;vm_pass;vm_user,no
<GENERATE_UUIDv4>,New Service,Ability for New Service (ATT&CK T1050). Generated from Atomic Red Team procedures; review and test safely before use. [AUTO-INFERRED SAFE STUB],persistence,T1050,New Service,schtasks /Query /FO LIST /V,cmd,,,,,,,,stockpile/data/abilities/persistence/,T1050__new-service.yml,destination_url;extension_id;key;plaintext,yes
<GENERATE_UUIDv4>,Shared Webroot,Ability for Shared Webroot (ATT&CK T1051). Generated from Atomic Red Team procedures; review and test safely before use. [AUTO-INFERRED SAFE STUB],lateral-movement,T1051,Shared Webroot,net view && net use && qwinsta,cmd,,,,,,,,stockpile/data/abilities/lateral-movement/,T1051__shared-webroot.yml,group;mimikatz_path;outlook_folder;outlook_version;password;sam_account_name;sid_to_inject;url;username,yes
<GENERATE_UUIDv4>,Exfiltration Over Physical Medium,Ability for Exfiltration Over Physical Medium (ATT&CK T1052). Generated from Atomic Red Team procedures; review and test safely before use. [AUTO-INFERRED SAFE STUB],exfiltration,T1052,Exfiltration Over Physical Medium,"type ""#{file_path}"" > NUL",cmd,,,,,,,,stockpile/data/abilities/exfiltration/,T1052__exfiltration-over-physical-medium.yml,executable,no
<GENERATE_UUIDv4>,Indicator Blocking,Ability for Indicator Blocking (ATT&CK T1054). Generated from Atomic Red Team procedures; review and test safely before use. [AUTO-INFERRED SAFE STUB],defense-evasion,T1054,Indicator Blocking,wevtutil el | findstr /I Security & attrib %USERPROFILE%\*.*,cmd,,,,,,,,stockpile/data/abilities/defense-evasion/,T1054__indicator-blocking.yml,,no
<GENERATE_UUIDv4>,Service Registry Permissions Weakness,Ability for Service Registry Permissions Weakness (ATT&CK T1058). Generated from Atomic Red Team procedures; review and test safely before use. [AUTO-INFERRED SAFE STUB],persistence,T1058,Service Registry Permissions Weakness,schtasks /Query /FO LIST /V,cmd,,,,,,,,stockpile/data/abilities/persistence/,T1058__service-registry-permissions-weakness.yml,,no
<GENERATE_UUIDv4>,Registry Run Keys / Startup Folder,Ability for Registry Run Keys / Startup Folder (ATT&CK T1060). Generated from Atomic Red Team procedures; review and test safely before use. [AUTO-INFERRED SAFE STUB],persistence,T1060,Registry Run Keys / Startup Folder,schtasks /Query /FO LIST /V,cmd,,,,,,,,stockpile/data/abilities/persistence/,T1060__registry-run-keys-startup-folder.yml,,no
<GENERATE_UUIDv4>,Graphical User Interface,Ability for Graphical User Interface (ATT&CK T1061). Generated from Atomic Red Team procedures; review and test safely before use. [AUTO-INFERRED SAFE STUB],execution,T1061,Graphical User Interface,"powershell -NoProfile -Command ""Write-Output \""#{message}\""""",psh,,,,,,,,stockpile/data/abilities/execution/,T1061__graphical-user-interface.yml,,no
<GENERATE_UUIDv4>,Hypervisor,Ability for Hypervisor (ATT&CK T1062). Generated from Atomic Red Team procedures; review and test safely before use. [AUTO-INFERRED SAFE STUB],persistence,T1062,Hypervisor,schtasks /Query /FO LIST /V,cmd,,,,,,,,stockpile/data/abilities/persistence/,T1062__hypervisor.yml,,no
<GENERATE_UUIDv4>,Security Software Discovery,Ability for Security Software Discovery (ATT&CK T1063). Generated from Atomic Red Team procedures; review and test safely before use. [AUTO-INFERRED SAFE STUB],discovery,T1063,Security Software Discovery,whoami & hostname & ipconfig /all & arp -a & netstat -ano & wmic process list brief,cmd,,,,,,,,stockpile/data/abilities/discovery/,T1063__security-software-discovery.yml,,no
<GENERATE_UUIDv4>,Scripting,Ability for Scripting (ATT&CK T1064). Generated from Atomic Red Team procedures; review and test safely before use. [AUTO-INFERRED SAFE STUB],defense-evasion,T1064,Scripting,wevtutil el | findstr /I Security & attrib %USERPROFILE%\*.*,cmd,,,,,,,,stockpile/data/abilities/defense-evasion/,T1064__scripting.yml,,no
<GENERATE_UUIDv4>,Uncommonly Used Port,Ability for Uncommonly Used Port (ATT&CK T1065). Generated from Atomic Red Team procedures; review and test safely before use. [AUTO-INFERRED SAFE STUB],command-and-control,T1065,Uncommonly Used Port,"powershell -NoProfile -Command ""Invoke-WebRequest -UseBasicParsing http://#{c2_host}:#{c2_port}/beacon?id=#{paw} -Method GET""",psh,,,,,,,,stockpile/data/abilities/command-and-control/,T1065__uncommonly-used-port.yml,,no
<GENERATE_UUIDv4>,Indicator Removal from Tools,Ability for Indicator Removal from Tools (ATT&CK T1066). Generated from Atomic Red Team procedures; review and test safely before use. [AUTO-INFERRED SAFE STUB],defense-evasion,T1066,Indicator Removal from Tools,wevtutil el | findstr /I Security & attrib %USERPROFILE%\*.*,cmd,,,,,,,,stockpile/data/abilities/defense-evasion/,T1066__indicator-removal-from-tools.yml,,no
<GENERATE_UUIDv4>,Bootkit,Ability for Bootkit (ATT&CK T1067). Generated from Atomic Red Team procedures; review and test safely before use. [AUTO-INFERRED SAFE STUB],persistence,T1067,Bootkit,schtasks /Query /FO LIST /V,cmd,,,,,,,,stockpile/data/abilities/persistence/,T1067__bootkit.yml,,no
<GENERATE_UUIDv4>,Exploitation for Privilege Escalation,Ability for Exploitation for Privilege Escalation (ATT&CK T1068). Generated from Atomic Red Team procedures; review and test safely before use. [AUTO-INFERRED SAFE STUB],privilege-escalation,T1068,Exploitation for Privilege Escalation,whoami /priv,cmd,,,,,,,,stockpile/data/abilities/privilege-escalation/,T1068__exploitation-for-privilege-escalation.yml,working_dir,no
<GENERATE_UUIDv4>,DLL Side-Loading,Ability for DLL Side-Loading (ATT&CK T1073). Generated from Atomic Red Team procedures; review and test safely before use. [AUTO-INFERRED SAFE STUB],defense-evasion,T1073,DLL Side-Loading,wevtutil el | findstr /I Security & attrib %USERPROFILE%\*.*,cmd,,,,,,,,stockpile/data/abilities/defense-evasion/,T1073__dll-side-loading.yml,,no
<GENERATE_UUIDv4>,Pass the Hash,Ability for Pass the Hash (ATT&CK T1075). Generated from Atomic Red Team procedures; review and test safely before use. [AUTO-INFERRED SAFE STUB],lateral-movement,T1075,Pass the Hash,net view && net use && qwinsta,cmd,,,,,,,,stockpile/data/abilities/lateral-movement/,T1075__pass-the-hash.yml,,no
<GENERATE_UUIDv4>,Remote Desktop Protocol,Ability for Remote Desktop Protocol (ATT&CK T1076). Generated from Atomic Red Team procedures; review and test safely before use. [AUTO-INFERRED SAFE STUB],lateral-movement,T1076,Remote Desktop Protocol,net view && net use && qwinsta,cmd,,,,,,,,stockpile/data/abilities/lateral-movement/,T1076__remote-desktop-protocol.yml,captureServerIP;efsApi;petitpotam_path;targetServerIP,no
<GENERATE_UUIDv4>,Windows Admin Shares,Ability for Windows Admin Shares (ATT&CK T1077). Generated from Atomic Red Team procedures; review and test safely before use. [AUTO-INFERRED SAFE STUB],lateral-movement,T1077,Windows Admin Shares,net view && net use && qwinsta,cmd,,,,,,,,stockpile/data/abilities/lateral-movement/,T1077__windows-admin-shares.yml,,no
<GENERATE_UUIDv4>,Multilayer Encryption,Ability for Multilayer Encryption (ATT&CK T1079). Generated from Atomic Red Team procedures; review and test safely before use. [AUTO-INFERRED SAFE STUB],command-and-control,T1079,Multilayer Encryption,"powershell -NoProfile -Command ""Invoke-WebRequest -UseBasicParsing http://#{c2_host}:#{c2_port}/beacon?id=#{paw} -Method GET""",psh,,,,,,,,stockpile/data/abilities/command-and-control/,T1079__multilayer-encryption.yml,,yes
<GENERATE_UUIDv4>,Taint Shared Content,Ability for Taint Shared Content (ATT&CK T1080). Generated from Atomic Red Team procedures; review and test safely before use. [AUTO-INFERRED SAFE STUB],lateral-movement,T1080,Taint Shared Content,net view && net use && qwinsta,cmd,,,,,,,,stockpile/data/abilities/lateral-movement/,T1080__taint-shared-content.yml,payload_path;process,no
<GENERATE_UUIDv4>,Credentials in Files,Ability for Credentials in Files (ATT&CK T1081). Generated from Atomic Red Team procedures; review and test safely before use. [AUTO-INFERRED SAFE STUB],credential-access,T1081,Credentials in Files,"cmdkey /list & reg query ""HKLM\SAM"" /reg:64 /v """" 2>nul",cmd,,,,,,,,stockpile/data/abilities/credential-access/,T1081__credentials-in-files.yml,,no
<GENERATE_UUIDv4>,Windows Management Instrumentation Event Subscription,Ability for Windows Management Instrumentation Event Subscription (ATT&CK T1084). Generated from Atomic Red Team procedures; review and test safely before use. [AUTO-INFERRED SAFE STUB],persistence,T1084,Windows Management Instrumentation Event Subscription,schtasks /Query /FO LIST /V,cmd,,,,,,,,stockpile/data/abilities/persistence/,T1084__windows-management-instrumentation-event-subscription.yml,atomics_dir;attribute;mimikatz_path;object;psexec_path;value,yes
<GENERATE_UUIDv4>,Rundll32,Ability for Rundll32 (ATT&CK T1085). Generated from Atomic Red Team procedures; review and test safely before use. [AUTO-INFERRED SAFE STUB],defense-evasion,T1085,Rundll32,wevtutil el | findstr /I Security & attrib %USERPROFILE%\*.*,cmd,,,,,,,,stockpile/data/abilities/defense-evasion/,T1085__rundll32.yml,,no
<GENERATE_UUIDv4>,PowerShell,Ability for PowerShell (ATT&CK T1086). Generated from Atomic Red Team procedures; review and test safely before use. [AUTO-INFERRED SAFE STUB],execution,T1086,PowerShell,"powershell -NoProfile -Command ""Write-Output \""#{message}\""""",psh,,,,,,,,stockpile/data/abilities/execution/,T1086__powershell.yml,,no
<GENERATE_UUIDv4>,Bypass User Account Control,Ability for Bypass User Account Control (ATT&CK T1088). Generated from Atomic Red Team procedures; review and test safely before use. [AUTO-INFERRED SAFE STUB],defense-evasion,T1088,Bypass User Account Control,wevtutil el | findstr /I Security & attrib %USERPROFILE%\*.*,cmd,,,,,,,,stockpile/data/abilities/defense-evasion/,T1088__bypass-user-account-control.yml,file_url;remote_payload,yes
<GENERATE_UUIDv4>,Disabling Security Tools,Ability for Disabling Security Tools (ATT&CK T1089). Generated from Atomic Red Team procedures; review and test safely before use. [AUTO-INFERRED SAFE STUB],defense-evasion,T1089,Disabling Security Tools,wevtutil el | findstr /I Security & attrib %USERPROFILE%\*.*,cmd,,,,,,,,stockpile/data/abilities/defense-evasion/,T1089__disabling-security-tools.yml,docx_file;msxsl_exe;xmlfile;xslfile,yes
<GENERATE_UUIDv4>,Communication Through Removable Media,Ability for Communication Through Removable Media (ATT&CK T1092). Generated from Atomic Red Team procedures; review and test safely before use. [AUTO-INFERRED SAFE STUB],command-and-control,T1092,Communication Through Removable Media,"powershell -NoProfile -Command ""Invoke-WebRequest -UseBasicParsing http://#{c2_host}:#{c2_port}/beacon?id=#{paw} -Method GET""",psh,,,,,,,,stockpile/data/abilities/command-and-control/,T1092__communication-through-removable-media.yml,,no
<GENERATE_UUIDv4>,Process Hollowing,Ability for Process Hollowing (ATT&CK T1093). Generated from Atomic Red Team procedures; review and test safely before use. [AUTO-INFERRED SAFE STUB],defense-evasion,T1093,Process Hollowing,wevtutil el | findstr /I Security & attrib %USERPROFILE%\*.*,cmd,,,,,,,,stockpile/data/abilities/defense-evasion/,T1093__process-hollowing.yml,,no
<GENERATE_UUIDv4>,Custom Command and Control Protocol,Ability for Custom Command and Control Protocol (ATT&CK T1094). Generated from Atomic Red Team procedures; review and test safely before use. [AUTO-INFERRED SAFE STUB],command-and-control,T1094,Custom Command and Control Protocol,"powershell -NoProfile -Command ""Invoke-WebRequest -UseBasicParsing http://#{c2_host}:#{c2_port}/beacon?id=#{paw} -Method GET""",psh,,,,,,,,stockpile/data/abilities/command-and-control/,T1094__custom-command-and-control-protocol.yml,,no
<GENERATE_UUIDv4>,NTFS File Attributes,Ability for NTFS File Attributes (ATT&CK T1096). Generated from Atomic Red Team procedures; review and test safely before use. [AUTO-INFERRED SAFE STUB],defense-evasion,T1096,NTFS File Attributes,wevtutil el | findstr /I Security & attrib %USERPROFILE%\*.*,cmd,,,,,,,,stockpile/data/abilities/defense-evasion/,T1096__ntfs-file-attributes.yml,,no
<GENERATE_UUIDv4>,Pass the Ticket,Ability for Pass the Ticket (ATT&CK T1097). Generated from Atomic Red Team procedures; review and test safely before use. [AUTO-INFERRED SAFE STUB],lateral-movement,T1097,Pass the Ticket,net view && net use && qwinsta,cmd,,,,,,,,stockpile/data/abilities/lateral-movement/,T1097__pass-the-ticket.yml,,no
<GENERATE_UUIDv4>,Timestomp,Ability for Timestomp (ATT&CK T1099). Generated from Atomic Red Team procedures; review and test safely before use. [AUTO-INFERRED SAFE STUB],defense-evasion,T1099,Timestomp,wevtutil el | findstr /I Security & attrib %USERPROFILE%\*.*,cmd,,,,,,,,stockpile/data/abilities/defense-evasion/,T1099__timestomp.yml,new_password;new_user_password;user_account,yes
<GENERATE_UUIDv4>,Web Shell,Ability for Web Shell (ATT&CK T1100). Generated from Atomic Red Team procedures; review and test safely before use. [AUTO-INFERRED SAFE STUB],persistence,T1100,Web Shell,schtasks /Query /FO LIST /V,cmd,,,,,,,,stockpile/data/abilities/persistence/,T1100__web-shell.yml,,no
<GENERATE_UUIDv4>,Security Support Provider,Ability for Security Support Provider (ATT&CK T1101). Generated from Atomic Red Team procedures; review and test safely before use. [AUTO-INFERRED SAFE STUB],persistence,T1101,Security Support Provider,schtasks /Query /FO LIST /V,cmd,,,,,,,,stockpile/data/abilities/persistence/,T1101__security-support-provider.yml,output_file;registry_file;sqlite3_path,yes
<GENERATE_UUIDv4>,Web Service,Ability for Web Service (ATT&CK T1102). Generated from Atomic Red Team procedures; review and test safely before use. [AUTO-INFERRED SAFE STUB],command-and-control,T1102,Web Service,"powershell -NoProfile -Command ""Invoke-WebRequest -UseBasicParsing http://#{c2_host}:#{c2_port}/beacon?id=#{paw} -Method GET""",psh,,,,,,,,stockpile/data/abilities/command-and-control/,T1102__web-service.yml,mimikatz_exe;path_of_iso;ticket,no
<GENERATE_UUIDv4>,AppInit DLLs,Ability for AppInit DLLs (ATT&CK T1103). Generated from Atomic Red Team procedures; review and test safely before use. [AUTO-INFERRED SAFE STUB],persistence,T1103,AppInit DLLs,schtasks /Query /FO LIST /V,cmd,,,,,,,,stockpile/data/abilities/persistence/,T1103__appinit-dlls.yml,atomics_dir;dll_name;dll_path;file_path,yes
<GENERATE_UUIDv4>,Multi-Stage Channels,Ability for Multi-Stage Channels (ATT&CK T1104). Generated from Atomic Red Team procedures; review and test safely before use. [AUTO-INFERRED SAFE STUB],command-and-control,T1104,Multi-Stage Channels,"powershell -NoProfile -Command ""Invoke-WebRequest -UseBasicParsing http://#{c2_host}:#{c2_port}/beacon?id=#{paw} -Method GET""",psh,,,,,,,,stockpile/data/abilities/command-and-control/,T1104__multi-stage-channels.yml,atomics_dir;domain_sid,yes
<GENERATE_UUIDv4>,File Deletion,Ability for File Deletion (ATT&CK T1107). Generated from Atomic Red Team procedures; review and test safely before use. [AUTO-INFERRED SAFE STUB],defense-evasion,T1107,File Deletion,wevtutil el | findstr /I Security & attrib %USERPROFILE%\*.*,cmd,,,,,,,,stockpile/data/abilities/defense-evasion/,T1107__file-deletion.yml,doh_server;domain;port;query_type;query_volume;server_ip;server_port;subdomain,no
<GENERATE_UUIDv4>,Redundant Access,Ability for Redundant Access (ATT&CK T1108). Generated from Atomic Red Team procedures; review and test safely before use. [AUTO-INFERRED SAFE STUB],defense-evasion,T1108,Redundant Access,wevtutil el | findstr /I Security & attrib %USERPROFILE%\*.*,cmd,,,,,,,,stockpile/data/abilities/defense-evasion/,T1108__redundant-access.yml,,no
<GENERATE_UUIDv4>,Component Firmware,Ability for Component Firmware (ATT&CK T1109). Generated from Atomic Red Team procedures; review and test safely before use. [AUTO-INFERRED SAFE STUB],defense-evasion,T1109,Component Firmware,wevtutil el | findstr /I Security & attrib %USERPROFILE%\*.*,cmd,,,,,,,,stockpile/data/abilities/defense-evasion/,T1109__component-firmware.yml,,no
<GENERATE_UUIDv4>,Multi-Factor Authentication Interception,Ability for Multi-Factor Authentication Interception (ATT&CK T1111). Generated from Atomic Red Team procedures; review and test safely before use. [AUTO-INFERRED SAFE STUB],credential-access,T1111,Multi-Factor Authentication Interception,"cmdkey /list & reg query ""HKLM\SAM"" /reg:64 /v """" 2>nul",cmd,,,,,,,,stockpile/data/abilities/credential-access/,T1111__multi-factor-authentication-interception.yml,,no
<GENERATE_UUIDv4>,Code Signing,Ability for Code Signing (ATT&CK T1116). Generated from Atomic Red Team procedures; review and test safely before use. [AUTO-INFERRED SAFE STUB],defense-evasion,T1116,Code Signing,wevtutil el | findstr /I Security & attrib %USERPROFILE%\*.*,cmd,,,,,,,,stockpile/data/abilities/defense-evasion/,T1116__code-signing.yml,,no
<GENERATE_UUIDv4>,Regsvr32,Ability for Regsvr32 (ATT&CK T1117). Generated from Atomic Red Team procedures; review and test safely before use. [AUTO-INFERRED SAFE STUB],defense-evasion,T1117,Regsvr32,wevtutil el | findstr /I Security & attrib %USERPROFILE%\*.*,cmd,,,,,,,,stockpile/data/abilities/defense-evasion/,T1117__regsvr32.yml,,no
<GENERATE_UUIDv4>,InstallUtil,Ability for InstallUtil (ATT&CK T1118). Generated from Atomic Red Team procedures; review and test safely before use. [AUTO-INFERRED SAFE STUB],defense-evasion,T1118,InstallUtil,wevtutil el | findstr /I Security & attrib %USERPROFILE%\*.*,cmd,,,,,,,,stockpile/data/abilities/defense-evasion/,T1118__installutil.yml,,no
<GENERATE_UUIDv4>,Regsvcs/Regasm,Ability for Regsvcs/Regasm (ATT&CK T1121). Generated from Atomic Red Team procedures; review and test safely before use. [AUTO-INFERRED SAFE STUB],defense-evasion,T1121,Regsvcs/Regasm,wevtutil el | findstr /I Security & attrib %USERPROFILE%\*.*,cmd,,,,,,,,stockpile/data/abilities/defense-evasion/,T1121__regsvcs-regasm.yml,,no
<GENERATE_UUIDv4>,Component Object Model Hijacking,Ability for Component Object Model Hijacking (ATT&CK T1122). Generated from Atomic Red Team procedures; review and test safely before use. [AUTO-INFERRED SAFE STUB],defense-evasion,T1122,Component Object Model Hijacking,wevtutil el | findstr /I Security & attrib %USERPROFILE%\*.*,cmd,,,,,,,,stockpile/data/abilities/defense-evasion/,T1122__component-object-model-hijacking.yml,,yes
<GENERATE_UUIDv4>,Network Share Connection Removal,Ability for Network Share Connection Removal (ATT&CK T1126). Generated from Atomic Red Team procedures; review and test safely before use. [AUTO-INFERRED SAFE STUB],defense-evasion,T1126,Network Share Connection Removal,wevtutil el | findstr /I Security & attrib %USERPROFILE%\*.*,cmd,,,,,,,,stockpile/data/abilities/defense-evasion/,T1126__network-share-connection-removal.yml,,yes
<GENERATE_UUIDv4>,Netsh Helper DLL,Ability for Netsh Helper DLL (ATT&CK T1128). Generated from Atomic Red Team procedures; review and test safely before use. [AUTO-INFERRED SAFE STUB],persistence,T1128,Netsh Helper DLL,schtasks /Query /FO LIST /V,cmd,,,,,,,,stockpile/data/abilities/persistence/,T1128__netsh-helper-dll.yml,,no
<GENERATE_UUIDv4>,Install Root Certificate,Ability for Install Root Certificate (ATT&CK T1130). Generated from Atomic Red Team procedures; review and test safely before use. [AUTO-INFERRED SAFE STUB],defense-evasion,T1130,Install Root Certificate,wevtutil el | findstr /I Security & attrib %USERPROFILE%\*.*,cmd,,,,,,,,stockpile/data/abilities/defense-evasion/,T1130__install-root-certificate.yml,,no
<GENERATE_UUIDv4>,Authentication Package,Ability for Authentication Package (ATT&CK T1131). Generated from Atomic Red Team procedures; review and test safely before use. [AUTO-INFERRED SAFE STUB],persistence,T1131,Authentication Package,schtasks /Query /FO LIST /V,cmd,,,,,,,,stockpile/data/abilities/persistence/,T1131__authentication-package.yml,evil_image;image;script,yes
<GENERATE_UUIDv4>,Application Shimming,Ability for Application Shimming (ATT&CK T1138). Generated from Atomic Red Team procedures; review and test safely before use. [AUTO-INFERRED SAFE STUB],persistence,T1138,Application Shimming,schtasks /Query /FO LIST /V,cmd,,,,,,,,stockpile/data/abilities/persistence/,T1138__application-shimming.yml,input_file,no
<GENERATE_UUIDv4>,Bash History,Ability for Bash History (ATT&CK T1139). Generated from Atomic Red Team procedures; review and test safely before use. [AUTO-INFERRED SAFE STUB],credential-access,T1139,Bash History,"cmdkey /list & reg query ""HKLM\SAM"" /reg:64 /v """" 2>nul",cmd,,,,,,,,stockpile/data/abilities/credential-access/,T1139__bash-history.yml,,no
<GENERATE_UUIDv4>,Input Prompt,Ability for Input Prompt (ATT&CK T1141). Generated from Atomic Red Team procedures; review and test safely before use. [AUTO-INFERRED SAFE STUB],credential-access,T1141,Input Prompt,"cmdkey /list & reg query ""HKLM\SAM"" /reg:64 /v """" 2>nul",cmd,,,,,,,,stockpile/data/abilities/credential-access/,T1141__input-prompt.yml,,yes
<GENERATE_UUIDv4>,Keychain,Ability for Keychain (ATT&CK T1142). Generated from Atomic Red Team procedures; review and test safely before use. [AUTO-INFERRED SAFE STUB],credential-access,T1142,Keychain,"cmdkey /list & reg query ""HKLM\SAM"" /reg:64 /v """" 2>nul",cmd,,,,,,,,stockpile/data/abilities/credential-access/,T1142__keychain.yml,,no
<GENERATE_UUIDv4>,Hidden Window,Ability for Hidden Window (ATT&CK T1143). Generated from Atomic Red Team procedures; review and test safely before use. [AUTO-INFERRED SAFE STUB],defense-evasion,T1143,Hidden Window,wevtutil el | findstr /I Security & attrib %USERPROFILE%\*.*,cmd,,,,,,,,stockpile/data/abilities/defense-evasion/,T1143__hidden-window.yml,,no
<GENERATE_UUIDv4>,Gatekeeper Bypass,Ability for Gatekeeper Bypass (ATT&CK T1144). Generated from Atomic Red Team procedures; review and test safely before use. [AUTO-INFERRED SAFE STUB],defense-evasion,T1144,Gatekeeper Bypass,wevtutil el | findstr /I Security & attrib %USERPROFILE%\*.*,cmd,,,,,,,,stockpile/data/abilities/defense-evasion/,T1144__gatekeeper-bypass.yml,,yes
<GENERATE_UUIDv4>,Private Keys,Ability for Private Keys (ATT&CK T1145). Generated from Atomic Red Team procedures; review and test safely before use. [AUTO-INFERRED SAFE STUB],credential-access,T1145,Private Keys,"cmdkey /list & reg query ""HKLM\SAM"" /reg:64 /v """" 2>nul",cmd,,,,,,,,stockpile/data/abilities/credential-access/,T1145__private-keys.yml,,no
<GENERATE_UUIDv4>,Clear Command History,Ability for Clear Command History (ATT&CK T1146). Generated from Atomic Red Team procedures; review and test safely before use. [AUTO-INFERRED SAFE STUB],defense-evasion,T1146,Clear Command History,wevtutil el | findstr /I Security & attrib %USERPROFILE%\*.*,cmd,,,,,,,,stockpile/data/abilities/defense-evasion/,T1146__clear-command-history.yml,,no
<GENERATE_UUIDv4>,Hidden Users,Ability for Hidden Users (ATT&CK T1147). Generated from Atomic Red Team procedures; review and test safely before use. [AUTO-INFERRED SAFE STUB],defense-evasion,T1147,Hidden Users,wevtutil el | findstr /I Security & attrib %USERPROFILE%\*.*,cmd,,,,,,,,stockpile/data/abilities/defense-evasion/,T1147__hidden-users.yml,,no
<GENERATE_UUIDv4>,HISTCONTROL,Ability for HISTCONTROL (ATT&CK T1148). Generated from Atomic Red Team procedures; review and test safely before use. [AUTO-INFERRED SAFE STUB],defense-evasion,T1148,HISTCONTROL,wevtutil el | findstr /I Security & attrib %USERPROFILE%\*.*,cmd,,,,,,,,stockpile/data/abilities/defense-evasion/,T1148__histcontrol.yml,,no
<GENERATE_UUIDv4>,LC_MAIN Hijacking,Ability for LC_MAIN Hijacking (ATT&CK T1149). Generated from Atomic Red Team procedures; review and test safely before use. [AUTO-INFERRED SAFE STUB],defense-evasion,T1149,LC_MAIN Hijacking,wevtutil el | findstr /I Security & attrib %USERPROFILE%\*.*,cmd,,,,,,,,stockpile/data/abilities/defense-evasion/,T1149__lc-main-hijacking.yml,,no
<GENERATE_UUIDv4>,Plist Modification,Ability for Plist Modification (ATT&CK T1150). Generated from Atomic Red Team procedures; review and test safely before use. [AUTO-INFERRED SAFE STUB],defense-evasion,T1150,Plist Modification,wevtutil el | findstr /I Security & attrib %USERPROFILE%\*.*,cmd,,,,,,,,stockpile/data/abilities/defense-evasion/,T1150__plist-modification.yml,,yes
<GENERATE_UUIDv4>,Space after Filename,Ability for Space after Filename (ATT&CK T1151). Generated from Atomic Red Team procedures; review and test safely before use. [AUTO-INFERRED SAFE STUB],defense-evasion,T1151,Space after Filename,wevtutil el | findstr /I Security & attrib %USERPROFILE%\*.*,cmd,,,,,,,,stockpile/data/abilities/defense-evasion/,T1151__space-after-filename.yml,,no
<GENERATE_UUIDv4>,Launchctl,Ability for Launchctl (ATT&CK T1152). Generated from Atomic Red Team procedures; review and test safely before use. [AUTO-INFERRED SAFE STUB],defense-evasion,T1152,Launchctl,wevtutil el | findstr /I Security & attrib %USERPROFILE%\*.*,cmd,,,,,,,,stockpile/data/abilities/defense-evasion/,T1152__launchctl.yml,,no
<GENERATE_UUIDv4>,Source,Ability for Source (ATT&CK T1153). Generated from Atomic Red Team procedures; review and test safely before use. [AUTO-INFERRED SAFE STUB],execution,T1153,Source,"powershell -NoProfile -Command ""Write-Output \""#{message}\""""",psh,,,,,,,,stockpile/data/abilities/execution/,T1153__source.yml,,no
<GENERATE_UUIDv4>,Trap,Ability for Trap (ATT&CK T1154). Generated from Atomic Red Team procedures; review and test safely before use. [AUTO-INFERRED SAFE STUB],execution,T1154,Trap,"powershell -NoProfile -Command ""Write-Output \""#{message}\""""",psh,,,,,,,,stockpile/data/abilities/execution/,T1154__trap.yml,,no
<GENERATE_UUIDv4>,AppleScript,Ability for AppleScript (ATT&CK T1155). Generated from Atomic Red Team procedures; review and test safely before use. [AUTO-INFERRED SAFE STUB],execution,T1155,AppleScript,"powershell -NoProfile -Command ""Write-Output \""#{message}\""""",psh,,,,,,,,stockpile/data/abilities/execution/,T1155__applescript.yml,,no
<GENERATE_UUIDv4>,Malicious Shell Modification,Ability for Malicious Shell Modification (ATT&CK T1156). Generated from Atomic Red Team procedures; review and test safely before use. [AUTO-INFERRED SAFE STUB],persistence,T1156,Malicious Shell Modification,schtasks /Query /FO LIST /V,cmd,,,,,,,,stockpile/data/abilities/persistence/,T1156__malicious-shell-modification.yml,,no
<GENERATE_UUIDv4>,Dylib Hijacking,Ability for Dylib Hijacking (ATT&CK T1157). Generated from Atomic Red Team procedures; review and test safely before use. [AUTO-INFERRED SAFE STUB],persistence,T1157,Dylib Hijacking,schtasks /Query /FO LIST /V,cmd,,,,,,,,stockpile/data/abilities/persistence/,T1157__dylib-hijacking.yml,,no
<GENERATE_UUIDv4>,Hidden Files and Directories,Ability for Hidden Files and Directories (ATT&CK T1158). Generated from Atomic Red Team procedures; review and test safely before use. [AUTO-INFERRED SAFE STUB],defense-evasion,T1158,Hidden Files and Directories,wevtutil el | findstr /I Security & attrib %USERPROFILE%\*.*,cmd,,,,,,,,stockpile/data/abilities/defense-evasion/,T1158__hidden-files-and-directories.yml,,no
<GENERATE_UUIDv4>,Launch Agent,Ability for Launch Agent (ATT&CK T1159). Generated from Atomic Red Team procedures; review and test safely before use. [AUTO-INFERRED SAFE STUB],persistence,T1159,Launch Agent,schtasks /Query /FO LIST /V,cmd,,,,,,,,stockpile/data/abilities/persistence/,T1159__launch-agent.yml,remote_url,yes
<GENERATE_UUIDv4>,Launch Daemon,Ability for Launch Daemon (ATT&CK T1160). Generated from Atomic Red Team procedures; review and test safely before use. [AUTO-INFERRED SAFE STUB],persistence,T1160,Launch Daemon,schtasks /Query /FO LIST /V,cmd,,,,,,,,stockpile/data/abilities/persistence/,T1160__launch-daemon.yml,,no
<GENERATE_UUIDv4>,LC_LOAD_DYLIB Addition,Ability for LC_LOAD_DYLIB Addition (ATT&CK T1161). Generated from Atomic Red Team procedures; review and test safely before use. [AUTO-INFERRED SAFE STUB],persistence,T1161,LC_LOAD_DYLIB Addition,schtasks /Query /FO LIST /V,cmd,,,,,,,,stockpile/data/abilities/persistence/,T1161__lc-load-dylib-addition.yml,,no
<GENERATE_UUIDv4>,Login Item,Ability for Login Item (ATT&CK T1162). Generated from Atomic Red Team procedures; review and test safely before use. [AUTO-INFERRED SAFE STUB],persistence,T1162,Login Item,schtasks /Query /FO LIST /V,cmd,,,,,,,,stockpile/data/abilities/persistence/,T1162__login-item.yml,,no
<GENERATE_UUIDv4>,Rc.common,Ability for Rc.common (ATT&CK T1163). Generated from Atomic Red Team procedures; review and test safely before use. [AUTO-INFERRED SAFE STUB],persistence,T1163,Rc.common,schtasks /Query /FO LIST /V,cmd,,,,,,,,stockpile/data/abilities/persistence/,T1163__rc-common.yml,,no
<GENERATE_UUIDv4>,Re-opened Applications,Ability for Re-opened Applications (ATT&CK T1164). Generated from Atomic Red Team procedures; review and test safely before use. [AUTO-INFERRED SAFE STUB],persistence,T1164,Re-opened Applications,schtasks /Query /FO LIST /V,cmd,,,,,,,,stockpile/data/abilities/persistence/,T1164__re-opened-applications.yml,,no
<GENERATE_UUIDv4>,Startup Items,Ability for Startup Items (ATT&CK T1165). Generated from Atomic Red Team procedures; review and test safely before use. [AUTO-INFERRED SAFE STUB],persistence,T1165,Startup Items,schtasks /Query /FO LIST /V,cmd,,,,,,,,stockpile/data/abilities/persistence/,T1165__startup-items.yml,base64_data;destination_url,no
<GENERATE_UUIDv4>,Setuid and Setgid,Ability for Setuid and Setgid (ATT&CK T1166). Generated from Atomic Red Team procedures; review and test safely before use. [AUTO-INFERRED SAFE STUB],persistence,T1166,Setuid and Setgid,schtasks /Query /FO LIST /V,cmd,,,,,,,,stockpile/data/abilities/persistence/,T1166__setuid-and-setgid.yml,admin_password;admin_user;domain;top_level_domain,no
<GENERATE_UUIDv4>,Securityd Memory,Ability for Securityd Memory (ATT&CK T1167). Generated from Atomic Red Team procedures; review and test safely before use. [AUTO-INFERRED SAFE STUB],credential-access,T1167,Securityd Memory,"cmdkey /list & reg query ""HKLM\SAM"" /reg:64 /v """" 2>nul",cmd,,,,,,,,stockpile/data/abilities/credential-access/,T1167__securityd-memory.yml,encoded_file;message,no
<GENERATE_UUIDv4>,Local Job Scheduling,Ability for Local Job Scheduling (ATT&CK T1168). Generated from Atomic Red Team procedures; review and test safely before use. [AUTO-INFERRED SAFE STUB],execution,T1168,Local Job Scheduling,"powershell -NoProfile -Command ""Write-Output \""#{message}\""""",psh,,,,,,,,stockpile/data/abilities/execution/,T1168__local-job-scheduling.yml,,no
<GENERATE_UUIDv4>,Sudo,Ability for Sudo (ATT&CK T1169). Generated from Atomic Red Team procedures; review and test safely before use. [AUTO-INFERRED SAFE STUB],privilege-escalation,T1169,Sudo,whoami /priv,cmd,,,,,,,,stockpile/data/abilities/privilege-escalation/,T1169__sudo.yml,,no
<GENERATE_UUIDv4>,Mshta,Ability for Mshta (ATT&CK T1170). Generated from Atomic Red Team procedures; review and test safely before use. [AUTO-INFERRED SAFE STUB],defense-evasion,T1170,Mshta,wevtutil el | findstr /I Security & attrib %USERPROFILE%\*.*,cmd,,,,,,,,stockpile/data/abilities/defense-evasion/,T1170__mshta.yml,,no
<GENERATE_UUIDv4>,LLMNR/NBT-NS Poisoning and Relay,Ability for LLMNR/NBT-NS Poisoning and Relay (ATT&CK T1171). Generated from Atomic Red Team procedures; review and test safely before use. [AUTO-INFERRED SAFE STUB],credential-access,T1171,LLMNR/NBT-NS Poisoning and Relay,"cmdkey /list & reg query ""HKLM\SAM"" /reg:64 /v """" 2>nul",cmd,,,,,,,,stockpile/data/abilities/credential-access/,T1171__llmnr-nbt-ns-poisoning-and-relay.yml,,no
<GENERATE_UUIDv4>,Domain Fronting,Ability for Domain Fronting (ATT&CK T1172). Generated from Atomic Red Team procedures; review and test safely before use. [AUTO-INFERRED SAFE STUB],command-and-control,T1172,Domain Fronting,"powershell -NoProfile -Command ""Invoke-WebRequest -UseBasicParsing http://#{c2_host}:#{c2_port}/beacon?id=#{paw} -Method GET""",psh,,,,,,,,stockpile/data/abilities/command-and-control/,T1172__domain-fronting.yml,,no
<GENERATE_UUIDv4>,Dynamic Data Exchange,Ability for Dynamic Data Exchange (ATT&CK T1173). Generated from Atomic Red Team procedures; review and test safely before use. [AUTO-INFERRED SAFE STUB],execution,T1173,Dynamic Data Exchange,"powershell -NoProfile -Command ""Write-Output \""#{message}\""""",psh,,,,,,,,stockpile/data/abilities/execution/,T1173__dynamic-data-exchange.yml,,no
<GENERATE_UUIDv4>,Password Filter DLL,Ability for Password Filter DLL (ATT&CK T1174). Generated from Atomic Red Team procedures; review and test safely before use. [AUTO-INFERRED SAFE STUB],credential-access,T1174,Password Filter DLL,"cmdkey /list & reg query ""HKLM\SAM"" /reg:64 /v """" 2>nul",cmd,,,,,,,,stockpile/data/abilities/credential-access/,T1174__password-filter-dll.yml,,no
<GENERATE_UUIDv4>,Component Object Model and Distributed COM,Ability for Component Object Model and Distributed COM (ATT&CK T1175). Generated from Atomic Red Team procedures; review and test safely before use. [AUTO-INFERRED SAFE STUB],execution,T1175,Component Object Model and Distributed COM,"powershell -NoProfile -Command ""Write-Output \""#{message}\""""",psh,,,,,,,,stockpile/data/abilities/execution/,T1175__component-object-model-and-distributed-com.yml,,no
<GENERATE_UUIDv4>,LSASS Driver,Ability for LSASS Driver (ATT&CK T1177). Generated from Atomic Red Team procedures; review and test safely before use. [AUTO-INFERRED SAFE STUB],execution,T1177,LSASS Driver,"powershell -NoProfile -Command ""Write-Output \""#{message}\""""",psh,,,,,,,,stockpile/data/abilities/execution/,T1177__lsass-driver.yml,,no
<GENERATE_UUIDv4>,SID-History Injection,Ability for SID-History Injection (ATT&CK T1178). Generated from Atomic Red Team procedures; review and test safely before use. [AUTO-INFERRED SAFE STUB],privilege-escalation,T1178,SID-History Injection,whoami /priv,cmd,,,,,,,,stockpile/data/abilities/privilege-escalation/,T1178__sid-history-injection.yml,,no
<GENERATE_UUIDv4>,Hooking,Ability for Hooking (ATT&CK T1179). Generated from Atomic Red Team procedures; review and test safely before use. [AUTO-INFERRED SAFE STUB],credential-access,T1179,Hooking,"cmdkey /list & reg query ""HKLM\SAM"" /reg:64 /v """" 2>nul",cmd,,,,,,,,stockpile/data/abilities/credential-access/,T1179__hooking.yml,,no
<GENERATE_UUIDv4>,Screensaver,Ability for Screensaver (ATT&CK T1180). Generated from Atomic Red Team procedures; review and test safely before use. [AUTO-INFERRED SAFE STUB],persistence,T1180,Screensaver,schtasks /Query /FO LIST /V,cmd,,,,,,,,stockpile/data/abilities/persistence/,T1180__screensaver.yml,,no
<GENERATE_UUIDv4>,Extra Window Memory Injection,Ability for Extra Window Memory Injection (ATT&CK T1181). Generated from Atomic Red Team procedures; review and test safely before use. [AUTO-INFERRED SAFE STUB],defense-evasion,T1181,Extra Window Memory Injection,wevtutil el | findstr /I Security & attrib %USERPROFILE%\*.*,cmd,,,,,,,,stockpile/data/abilities/defense-evasion/,T1181__extra-window-memory-injection.yml,,no
<GENERATE_UUIDv4>,AppCert DLLs,Ability for AppCert DLLs (ATT&CK T1182). Generated from Atomic Red Team procedures; review and test safely before use. [AUTO-INFERRED SAFE STUB],persistence,T1182,AppCert DLLs,schtasks /Query /FO LIST /V,cmd,,,,,,,,stockpile/data/abilities/persistence/,T1182__appcert-dlls.yml,,no
<GENERATE_UUIDv4>,Image File Execution Options Injection,Ability for Image File Execution Options Injection (ATT&CK T1183). Generated from Atomic Red Team procedures; review and test safely before use. [AUTO-INFERRED SAFE STUB],defense-evasion,T1183,Image File Execution Options Injection,wevtutil el | findstr /I Security & attrib %USERPROFILE%\*.*,cmd,,,,,,,,stockpile/data/abilities/defense-evasion/,T1183__image-file-execution-options-injection.yml,,no
<GENERATE_UUIDv4>,SSH Hijacking,Ability for SSH Hijacking (ATT&CK T1184). Generated from Atomic Red Team procedures; review and test safely before use. [AUTO-INFERRED SAFE STUB],lateral-movement,T1184,SSH Hijacking,net view && net use && qwinsta,cmd,,,,,,,,stockpile/data/abilities/lateral-movement/,T1184__ssh-hijacking.yml,,no
<GENERATE_UUIDv4>,Browser Session Hijacking,Ability for Browser Session Hijacking (ATT&CK T1185). Generated from Atomic Red Team procedures; review and test safely before use. [AUTO-INFERRED SAFE STUB],collection,T1185,Browser Session Hijacking,"dir ""%USERPROFILE%\Documents"" /S /B | head",cmd,,,,,,,,stockpile/data/abilities/collection/,T1185__browser-session-hijacking.yml,,no
<GENERATE_UUIDv4>,Process Doppelgänging,Ability for Process Doppelgänging (ATT&CK T1186). Generated from Atomic Red Team procedures; review and test safely before use. [AUTO-INFERRED SAFE STUB],defense-evasion,T1186,Process Doppelgänging,wevtutil el | findstr /I Security & attrib %USERPROFILE%\*.*,cmd,,,,,,,,stockpile/data/abilities/defense-evasion/,T1186__process-doppelg-nging.yml,,no
<GENERATE_UUIDv4>,Multi-hop Proxy,Ability for Multi-hop Proxy (ATT&CK T1188). Generated from Atomic Red Team procedures; review and test safely before use. [AUTO-INFERRED SAFE STUB],command-and-control,T1188,Multi-hop Proxy,"powershell -NoProfile -Command ""Invoke-WebRequest -UseBasicParsing http://#{c2_host}:#{c2_port}/beacon?id=#{paw} -Method GET""",psh,,,,,,,,stockpile/data/abilities/command-and-control/,T1188__multi-hop-proxy.yml,,no
<GENERATE_UUIDv4>,Drive-by Compromise,Ability for Drive-by Compromise (ATT&CK T1189). Generated from Atomic Red Team procedures; review and test safely before use. [AUTO-INFERRED SAFE STUB],initial-access,T1189,Drive-by Compromise,whoami & hostname,cmd,,,,,,,,stockpile/data/abilities/initial-access/,T1189__drive-by-compromise.yml,,no
<GENERATE_UUIDv4>,Exploit Public-Facing Application,Ability for Exploit Public-Facing Application (ATT&CK T1190). Generated from Atomic Red Team procedures; review and test safely before use. [AUTO-INFERRED SAFE STUB],initial-access,T1190,Exploit Public-Facing Application,whoami & hostname,cmd,,,,,,,,stockpile/data/abilities/initial-access/,T1190__exploit-public-facing-application.yml,,no
<GENERATE_UUIDv4>,CMSTP,Ability for CMSTP (ATT&CK T1191). Generated from Atomic Red Team procedures; review and test safely before use. [AUTO-INFERRED SAFE STUB],defense-evasion,T1191,CMSTP,wevtutil el | findstr /I Security & attrib %USERPROFILE%\*.*,cmd,,,,,,,,stockpile/data/abilities/defense-evasion/,T1191__cmstp.yml,,no
<GENERATE_UUIDv4>,Spearphishing Link,Ability for Spearphishing Link (ATT&CK T1192). Generated from Atomic Red Team procedures; review and test safely before use. [AUTO-INFERRED SAFE STUB],initial-access,T1192,Spearphishing Link,whoami & hostname,cmd,,,,,,,,stockpile/data/abilities/initial-access/,T1192__spearphishing-link.yml,,no
<GENERATE_UUIDv4>,Spearphishing Attachment,Ability for Spearphishing Attachment (ATT&CK T1193). Generated from Atomic Red Team procedures; review and test safely before use. [AUTO-INFERRED SAFE STUB],initial-access,T1193,Spearphishing Attachment,whoami & hostname,cmd,,,,,,,,stockpile/data/abilities/initial-access/,T1193__spearphishing-attachment.yml,file_or_folder;numeric_mode,no
<GENERATE_UUIDv4>,Spearphishing via Service,Ability for Spearphishing via Service (ATT&CK T1194). Generated from Atomic Red Team procedures; review and test safely before use. [AUTO-INFERRED SAFE STUB],initial-access,T1194,Spearphishing via Service,whoami & hostname,cmd,,,,,,,,stockpile/data/abilities/initial-access/,T1194__spearphishing-via-service.yml,,no
<GENERATE_UUIDv4>,Control Panel Items,Ability for Control Panel Items (ATT&CK T1196). Generated from Atomic Red Team procedures; review and test safely before use. [AUTO-INFERRED SAFE STUB],defense-evasion,T1196,Control Panel Items,wevtutil el | findstr /I Security & attrib %USERPROFILE%\*.*,cmd,,,,,,,,stockpile/data/abilities/defense-evasion/,T1196__control-panel-items.yml,,no
<GENERATE_UUIDv4>,SIP and Trust Provider Hijacking,Ability for SIP and Trust Provider Hijacking (ATT&CK T1198). Generated from Atomic Red Team procedures; review and test safely before use. [AUTO-INFERRED SAFE STUB],defense-evasion,T1198,SIP and Trust Provider Hijacking,wevtutil el | findstr /I Security & attrib %USERPROFILE%\*.*,cmd,,,,,,,,stockpile/data/abilities/defense-evasion/,T1198__sip-and-trust-provider-hijacking.yml,,no
<GENERATE_UUIDv4>,Trusted Relationship,Ability for Trusted Relationship (ATT&CK T1199). Generated from Atomic Red Team procedures; review and test safely before use. [AUTO-INFERRED SAFE STUB],initial-access,T1199,Trusted Relationship,whoami & hostname,cmd,,,,,,,,stockpile/data/abilities/initial-access/,T1199__trusted-relationship.yml,,no
<GENERATE_UUIDv4>,Hardware Additions,Ability for Hardware Additions (ATT&CK T1200). Generated from Atomic Red Team procedures; review and test safely before use. [AUTO-INFERRED SAFE STUB],initial-access,T1200,Hardware Additions,whoami & hostname,cmd,,,,,,,,stockpile/data/abilities/initial-access/,T1200__hardware-additions.yml,,no
<GENERATE_UUIDv4>,Exploitation for Client Execution,Ability for Exploitation for Client Execution (ATT&CK T1203). Generated from Atomic Red Team procedures; review and test safely before use. [AUTO-INFERRED SAFE STUB],execution,T1203,Exploitation for Client Execution,"powershell -NoProfile -Command ""Write-Output \""#{message}\""""",psh,,,,,,,,stockpile/data/abilities/execution/,T1203__exploitation-for-client-execution.yml,,no
<GENERATE_UUIDv4>,Traffic Signaling,Ability for Traffic Signaling (ATT&CK T1205). Generated from Atomic Red Team procedures; review and test safely before use. [AUTO-INFERRED SAFE STUB],command-and-control,T1205,Traffic Signaling,"powershell -NoProfile -Command ""Invoke-WebRequest -UseBasicParsing http://#{c2_host}:#{c2_port}/beacon?id=#{paw} -Method GET""",psh,,,,,,,,stockpile/data/abilities/command-and-control/,T1205__traffic-signaling.yml,user_account,no
<GENERATE_UUIDv4>,Sudo Caching,Ability for Sudo Caching (ATT&CK T1206). Generated from Atomic Red Team procedures; review and test safely before use. [AUTO-INFERRED SAFE STUB],privilege-escalation,T1206,Sudo Caching,whoami /priv,cmd,,,,,,,,stockpile/data/abilities/privilege-escalation/,T1206__sudo-caching.yml,,no
<GENERATE_UUIDv4>,Kerberoasting,Ability for Kerberoasting (ATT&CK T1208). Generated from Atomic Red Team procedures; review and test safely before use. [AUTO-INFERRED SAFE STUB],credential-access,T1208,Kerberoasting,"cmdkey /list & reg query ""HKLM\SAM"" /reg:64 /v """" 2>nul",cmd,,,,,,,,stockpile/data/abilities/credential-access/,T1208__kerberoasting.yml,cert_filename;key_filename;lazagne_path;output_file;specific_module,yes
<GENERATE_UUIDv4>,Time Providers,Ability for Time Providers (ATT&CK T1209). Generated from Atomic Red Team procedures; review and test safely before use. [AUTO-INFERRED SAFE STUB],persistence,T1209,Time Providers,schtasks /Query /FO LIST /V,cmd,,,,,,,,stockpile/data/abilities/persistence/,T1209__time-providers.yml,index;pam_rule;path_to_pam_conf,no
<GENERATE_UUIDv4>,Exploitation of Remote Services,Ability for Exploitation of Remote Services (ATT&CK T1210). Generated from Atomic Red Team procedures; review and test safely before use. [AUTO-INFERRED SAFE STUB],lateral-movement,T1210,Exploitation of Remote Services,net view && net use && qwinsta,cmd,,,,,,,,stockpile/data/abilities/lateral-movement/,T1210__exploitation-of-remote-services.yml,,no
<GENERATE_UUIDv4>,Exploitation for Defense Evasion,Ability for Exploitation for Defense Evasion (ATT&CK T1211). Generated from Atomic Red Team procedures; review and test safely before use. [AUTO-INFERRED SAFE STUB],defense-evasion,T1211,Exploitation for Defense Evasion,wevtutil el | findstr /I Security & attrib %USERPROFILE%\*.*,cmd,,,,,,,,stockpile/data/abilities/defense-evasion/,T1211__exploitation-for-defense-evasion.yml,domain;port,no
<GENERATE_UUIDv4>,Exploitation for Credential Access,Ability for Exploitation for Credential Access (ATT&CK T1212). Generated from Atomic Red Team procedures; review and test safely before use. [AUTO-INFERRED SAFE STUB],credential-access,T1212,Exploitation for Credential Access,"cmdkey /list & reg query ""HKLM\SAM"" /reg:64 /v """" 2>nul",cmd,,,,,,,,stockpile/data/abilities/credential-access/,T1212__exploitation-for-credential-access.yml,binary_path;port,no
<GENERATE_UUIDv4>,Data from Information Repositories,Ability for Data from Information Repositories (ATT&CK T1213). Generated from Atomic Red Team procedures; review and test safely before use. [AUTO-INFERRED SAFE STUB],collection,T1213,Data from Information Repositories,"dir ""%USERPROFILE%\Documents"" /S /B | head",cmd,,,,,,,,stockpile/data/abilities/collection/,T1213__data-from-information-repositories.yml,aws_region;stratus_path,no
<GENERATE_UUIDv4>,Credentials in Registry,Ability for Credentials in Registry (ATT&CK T1214). Generated from Atomic Red Team procedures; review and test safely before use. [AUTO-INFERRED SAFE STUB],credential-access,T1214,Credentials in Registry,"cmdkey /list & reg query ""HKLM\SAM"" /reg:64 /v """" 2>nul",cmd,,,,,,,,stockpile/data/abilities/credential-access/,T1214__credentials-in-registry.yml,,no
<GENERATE_UUIDv4>,Kernel Modules and Extensions,Ability for Kernel Modules and Extensions (ATT&CK T1215). Generated from Atomic Red Team procedures; review and test safely before use. [AUTO-INFERRED SAFE STUB],persistence,T1215,Kernel Modules and Extensions,schtasks /Query /FO LIST /V,cmd,,,,,,,,stockpile/data/abilities/persistence/,T1215__kernel-modules-and-extensions.yml,,no
<GENERATE_UUIDv4>,Compiled HTML File,Ability for Compiled HTML File (ATT&CK T1223). Generated from Atomic Red Team procedures; review and test safely before use. [AUTO-INFERRED SAFE STUB],defense-evasion,T1223,Compiled HTML File,wevtutil el | findstr /I Security & attrib %USERPROFILE%\*.*,cmd,,,,,,,,stockpile/data/abilities/defense-evasion/,T1223__compiled-html-file.yml,,no
<GENERATE_UUIDv4>,Execution Guardrails,Ability for Execution Guardrails (ATT&CK T1480). Generated from Atomic Red Team procedures; review and test safely before use. [AUTO-INFERRED SAFE STUB],defense-evasion,T1480,Execution Guardrails,wevtutil el | findstr /I Security & attrib %USERPROFILE%\*.*,cmd,,,,,,,,stockpile/data/abilities/defense-evasion/,T1480__execution-guardrails.yml,,no
<GENERATE_UUIDv4>,Domain Generation Algorithms,Ability for Domain Generation Algorithms (ATT&CK T1483). Generated from Atomic Red Team procedures; review and test safely before use. [AUTO-INFERRED SAFE STUB],command-and-control,T1483,Domain Generation Algorithms,"powershell -NoProfile -Command ""Invoke-WebRequest -UseBasicParsing http://#{c2_host}:#{c2_port}/beacon?id=#{paw} -Method GET""",psh,,,,,,,,stockpile/data/abilities/command-and-control/,T1483__domain-generation-algorithms.yml,,no
<GENERATE_UUIDv4>,Disk Structure Wipe,Ability for Disk Structure Wipe (ATT&CK T1487). Generated from Atomic Red Team procedures; review and test safely before use. [AUTO-INFERRED SAFE STUB],impact,T1487,Disk Structure Wipe,"echo ""impact-simulation: #{message}""",cmd,,,,,,,,stockpile/data/abilities/impact/,T1487__disk-structure-wipe.yml,,no
<GENERATE_UUIDv4>,Disk Content Wipe,Ability for Disk Content Wipe (ATT&CK T1488). Generated from Atomic Red Team procedures; review and test safely before use. [AUTO-INFERRED SAFE STUB],impact,T1488,Disk Content Wipe,"echo ""impact-simulation: #{message}""",cmd,,,,,,,,stockpile/data/abilities/impact/,T1488__disk-content-wipe.yml,,no
<GENERATE_UUIDv4>,Stored Data Manipulation,Ability for Stored Data Manipulation (ATT&CK T1492). Generated from Atomic Red Team procedures; review and test safely before use. [AUTO-INFERRED SAFE STUB],impact,T1492,Stored Data Manipulation,"echo ""impact-simulation: #{message}""",cmd,,,,,,,,stockpile/data/abilities/impact/,T1492__stored-data-manipulation.yml,,no
<GENERATE_UUIDv4>,Transmitted Data Manipulation,Ability for Transmitted Data Manipulation (ATT&CK T1493). Generated from Atomic Red Team procedures; review and test safely before use. [AUTO-INFERRED SAFE STUB],impact,T1493,Transmitted Data Manipulation,"echo ""impact-simulation: #{message}""",cmd,,,,,,,,stockpile/data/abilities/impact/,T1493__transmitted-data-manipulation.yml,,no
<GENERATE_UUIDv4>,Runtime Data Manipulation,Ability for Runtime Data Manipulation (ATT&CK T1494). Generated from Atomic Red Team procedures; review and test safely before use. [AUTO-INFERRED SAFE STUB],impact,T1494,Runtime Data Manipulation,"echo ""impact-simulation: #{message}""",cmd,,,,,,,,stockpile/data/abilities/impact/,T1494__runtime-data-manipulation.yml,,no
<GENERATE_UUIDv4>,Firmware Corruption,Ability for Firmware Corruption (ATT&CK T1495). Generated from Atomic Red Team procedures; review and test safely before use. [AUTO-INFERRED SAFE STUB],impact,T1495,Firmware Corruption,"echo ""impact-simulation: #{message}""",cmd,,,,,,,,stockpile/data/abilities/impact/,T1495__firmware-corruption.yml,,no
<GENERATE_UUIDv4>,Network Denial of Service,Ability for Network Denial of Service (ATT&CK T1498). Generated from Atomic Red Team procedures; review and test safely before use. [AUTO-INFERRED SAFE STUB],impact,T1498,Network Denial of Service,"echo ""impact-simulation: #{message}""",cmd,,,,,,,,stockpile/data/abilities/impact/,T1498__network-denial-of-service.yml,,no
<GENERATE_UUIDv4>,Compile After Delivery,Ability for Compile After Delivery (ATT&CK T1500). Generated from Atomic Red Team procedures; review and test safely before use. [AUTO-INFERRED SAFE STUB],defense-evasion,T1500,Compile After Delivery,wevtutil el | findstr /I Security & attrib %USERPROFILE%\*.*,cmd,,,,,,,,stockpile/data/abilities/defense-evasion/,T1500__compile-after-delivery.yml,,no
<GENERATE_UUIDv4>,Systemd Service,Ability for Systemd Service (ATT&CK T1501). Generated from Atomic Red Team procedures; review and test safely before use. [AUTO-INFERRED SAFE STUB],persistence,T1501,Systemd Service,schtasks /Query /FO LIST /V,cmd,,,,,,,,stockpile/data/abilities/persistence/,T1501__systemd-service.yml,,no
<GENERATE_UUIDv4>,Parent PID Spoofing,Ability for Parent PID Spoofing (ATT&CK T1502). Generated from Atomic Red Team procedures; review and test safely before use. [AUTO-INFERRED SAFE STUB],defense-evasion,T1502,Parent PID Spoofing,wevtutil el | findstr /I Security & attrib %USERPROFILE%\*.*,cmd,,,,,,,,stockpile/data/abilities/defense-evasion/,T1502__parent-pid-spoofing.yml,,no
<GENERATE_UUIDv4>,PowerShell Profile,Ability for PowerShell Profile (ATT&CK T1504). Generated from Atomic Red Team procedures; review and test safely before use. [AUTO-INFERRED SAFE STUB],persistence,T1504,PowerShell Profile,schtasks /Query /FO LIST /V,cmd,,,,,,,,stockpile/data/abilities/persistence/,T1504__powershell-profile.yml,input_file,no
<GENERATE_UUIDv4>,Web Session Cookie,Ability for Web Session Cookie (ATT&CK T1506). Generated from Atomic Red Team procedures; review and test safely before use. [AUTO-INFERRED SAFE STUB],defense-evasion,T1506,Web Session Cookie,wevtutil el | findstr /I Security & attrib %USERPROFILE%\*.*,cmd,,,,,,,,stockpile/data/abilities/defense-evasion/,T1506__web-session-cookie.yml,test_message,yes
<GENERATE_UUIDv4>,Elevated Execution with Prompt,Ability for Elevated Execution with Prompt (ATT&CK T1514). Generated from Atomic Red Team procedures; review and test safely before use. [AUTO-INFERRED SAFE STUB],privilege-escalation,T1514,Elevated Execution with Prompt,whoami /priv,cmd,,,,,,,,stockpile/data/abilities/privilege-escalation/,T1514__elevated-execution-with-prompt.yml,,no
<GENERATE_UUIDv4>,Emond,Ability for Emond (ATT&CK T1519). Generated from Atomic Red Team procedures; review and test safely before use. [AUTO-INFERRED SAFE STUB],persistence,T1519,Emond,schtasks /Query /FO LIST /V,cmd,,,,,,,,stockpile/data/abilities/persistence/,T1519__emond.yml,,no
<GENERATE_UUIDv4>,Cloud Instance Metadata API,Ability for Cloud Instance Metadata API (ATT&CK T1522). Generated from Atomic Red Team procedures; review and test safely before use. [AUTO-INFERRED SAFE STUB],credential-access,T1522,Cloud Instance Metadata API,"cmdkey /list & reg query ""HKLM\SAM"" /reg:64 /v """" 2>nul",cmd,,,,,,,,stockpile/data/abilities/credential-access/,T1522__cloud-instance-metadata-api.yml,,no
<GENERATE_UUIDv4>,Implant Internal Image,Ability for Implant Internal Image (ATT&CK T1525). Generated from Atomic Red Team procedures; review and test safely before use. [AUTO-INFERRED SAFE STUB],persistence,T1525,Implant Internal Image,schtasks /Query /FO LIST /V,cmd,,,,,,,,stockpile/data/abilities/persistence/,T1525__implant-internal-image.yml,,no
<GENERATE_UUIDv4>,Cloud Service Discovery,Ability for Cloud Service Discovery (ATT&CK T1526). Generated from Atomic Red Team procedures; review and test safely before use. [AUTO-INFERRED SAFE STUB],discovery,T1526,Cloud Service Discovery,whoami & hostname & ipconfig /all & arp -a & netstat -ano & wmic process list brief,cmd,,,,,,,,stockpile/data/abilities/discovery/,T1526__cloud-service-discovery.yml,,no
<GENERATE_UUIDv4>,Application Access Token,Ability for Application Access Token (ATT&CK T1527). Generated from Atomic Red Team procedures; review and test safely before use. [AUTO-INFERRED SAFE STUB],defense-evasion,T1527,Application Access Token,wevtutil el | findstr /I Security & attrib %USERPROFILE%\*.*,cmd,,,,,,,,stockpile/data/abilities/defense-evasion/,T1527__application-access-token.yml,,no
<GENERATE_UUIDv4>,Steal Application Access Token,Ability for Steal Application Access Token (ATT&CK T1528). Generated from Atomic Red Team procedures; review and test safely before use. [AUTO-INFERRED SAFE STUB],credential-access,T1528,Steal Application Access Token,"cmdkey /list & reg query ""HKLM\SAM"" /reg:64 /v """" 2>nul",cmd,,,,,,,,stockpile/data/abilities/credential-access/,T1528__steal-application-access-token.yml,,no
<GENERATE_UUIDv4>,Data from Cloud Storage,Ability for Data from Cloud Storage (ATT&CK T1530). Generated from Atomic Red Team procedures; review and test safely before use. [AUTO-INFERRED SAFE STUB],collection,T1530,Data from Cloud Storage,"dir ""%USERPROFILE%\Documents"" /S /B | head",cmd,,,,,,,,stockpile/data/abilities/collection/,T1530__data-from-cloud-storage.yml,,yes
<GENERATE_UUIDv4>,Internal Spearphishing,Ability for Internal Spearphishing (ATT&CK T1534). Generated from Atomic Red Team procedures; review and test safely before use. [AUTO-INFERRED SAFE STUB],lateral-movement,T1534,Internal Spearphishing,net view && net use && qwinsta,cmd,,,,,,,,stockpile/data/abilities/lateral-movement/,T1534__internal-spearphishing.yml,,no
<GENERATE_UUIDv4>,Unused/Unsupported Cloud Regions,Ability for Unused/Unsupported Cloud Regions (ATT&CK T1535). Generated from Atomic Red Team procedures; review and test safely before use. [AUTO-INFERRED SAFE STUB],defense-evasion,T1535,Unused/Unsupported Cloud Regions,wevtutil el | findstr /I Security & attrib %USERPROFILE%\*.*,cmd,,,,,,,,stockpile/data/abilities/defense-evasion/,T1535__unused-unsupported-cloud-regions.yml,,no
<GENERATE_UUIDv4>,Revert Cloud Instance,Ability for Revert Cloud Instance (ATT&CK T1536). Generated from Atomic Red Team procedures; review and test safely before use. [AUTO-INFERRED SAFE STUB],defense-evasion,T1536,Revert Cloud Instance,wevtutil el | findstr /I Security & attrib %USERPROFILE%\*.*,cmd,,,,,,,,stockpile/data/abilities/defense-evasion/,T1536__revert-cloud-instance.yml,,no
<GENERATE_UUIDv4>,Cloud Service Dashboard,Ability for Cloud Service Dashboard (ATT&CK T1538). Generated from Atomic Red Team procedures; review and test safely before use. [AUTO-INFERRED SAFE STUB],discovery,T1538,Cloud Service Dashboard,whoami & hostname & ipconfig /all & arp -a & netstat -ano & wmic process list brief,cmd,,,,,,,,stockpile/data/abilities/discovery/,T1538__cloud-service-dashboard.yml,,no
<GENERATE_UUIDv4>,Compromise Host Software Binary,Ability for Compromise Host Software Binary (ATT&CK T1554). Generated from Atomic Red Team procedures; review and test safely before use. [AUTO-INFERRED SAFE STUB],persistence,T1554,Compromise Host Software Binary,schtasks /Query /FO LIST /V,cmd,,,,,,,,stockpile/data/abilities/persistence/,T1554__compromise-host-software-binary.yml,,no
<GENERATE_UUIDv4>,Disk Wipe,Ability for Disk Wipe (ATT&CK T1561). Generated from Atomic Red Team procedures; review and test safely before use. [AUTO-INFERRED SAFE STUB],impact,T1561,Disk Wipe,"echo ""impact-simulation: #{message}""",cmd,,,,,,,,stockpile/data/abilities/impact/,T1561__disk-wipe.yml,,no
<GENERATE_UUIDv4>,Dynamic Resolution,Ability for Dynamic Resolution (ATT&CK T1568). Generated from Atomic Red Team procedures; review and test safely before use. [AUTO-INFERRED SAFE STUB],command-and-control,T1568,Dynamic Resolution,"powershell -NoProfile -Command ""Invoke-WebRequest -UseBasicParsing http://#{c2_host}:#{c2_port}/beacon?id=#{paw} -Method GET""",psh,,,,,,,,stockpile/data/abilities/command-and-control/,T1568__dynamic-resolution.yml,,no
<GENERATE_UUIDv4>,Modify Cloud Compute Infrastructure,Ability for Modify Cloud Compute Infrastructure (ATT&CK T1578). Generated from Atomic Red Team procedures; review and test safely before use. [AUTO-INFERRED SAFE STUB],defense-evasion,T1578,Modify Cloud Compute Infrastructure,wevtutil el | findstr /I Security & attrib %USERPROFILE%\*.*,cmd,,,,,,,,stockpile/data/abilities/defense-evasion/,T1578__modify-cloud-compute-infrastructure.yml,,no
<GENERATE_UUIDv4>,Acquire Infrastructure,Ability for Acquire Infrastructure (ATT&CK T1583). Generated from Atomic Red Team procedures; review and test safely before use. [AUTO-INFERRED SAFE STUB],resource-development,T1583,Acquire Infrastructure,whoami & hostname & ipconfig /all & arp -a & netstat -ano,cmd,,,,,,,,stockpile/data/abilities/resource-development/,T1583__acquire-infrastructure.yml,,no
<GENERATE_UUIDv4>,Compromise Infrastructure,Ability for Compromise Infrastructure (ATT&CK T1584). Generated from Atomic Red Team procedures; review and test safely before use. [AUTO-INFERRED SAFE STUB],resource-development,T1584,Compromise Infrastructure,whoami & hostname & ipconfig /all & arp -a & netstat -ano,cmd,,,,,,,,stockpile/data/abilities/resource-development/,T1584__compromise-infrastructure.yml,,no
<GENERATE_UUIDv4>,Establish Accounts,Ability for Establish Accounts (ATT&CK T1585). Generated from Atomic Red Team procedures; review and test safely before use. [AUTO-INFERRED SAFE STUB],resource-development,T1585,Establish Accounts,whoami & hostname & ipconfig /all & arp -a & netstat -ano,cmd,,,,,,,,stockpile/data/abilities/resource-development/,T1585__establish-accounts.yml,,no
<GENERATE_UUIDv4>,Compromise Accounts,Ability for Compromise Accounts (ATT&CK T1586). Generated from Atomic Red Team procedures; review and test safely before use. [AUTO-INFERRED SAFE STUB],resource-development,T1586,Compromise Accounts,whoami & hostname & ipconfig /all & arp -a & netstat -ano,cmd,,,,,,,,stockpile/data/abilities/resource-development/,T1586__compromise-accounts.yml,,no
<GENERATE_UUIDv4>,Develop Capabilities,Ability for Develop Capabilities (ATT&CK T1587). Generated from Atomic Red Team procedures; review and test safely before use. [AUTO-INFERRED SAFE STUB],resource-development,T1587,Develop Capabilities,whoami & hostname & ipconfig /all & arp -a & netstat -ano,cmd,,,,,,,,stockpile/data/abilities/resource-development/,T1587__develop-capabilities.yml,,no
<GENERATE_UUIDv4>,Obtain Capabilities,Ability for Obtain Capabilities (ATT&CK T1588). Generated from Atomic Red Team procedures; review and test safely before use. [AUTO-INFERRED SAFE STUB],resource-development,T1588,Obtain Capabilities,whoami & hostname & ipconfig /all & arp -a & netstat -ano,cmd,,,,,,,,stockpile/data/abilities/resource-development/,T1588__obtain-capabilities.yml,,no
<GENERATE_UUIDv4>,Gather Victim Identity Information,Ability for Gather Victim Identity Information (ATT&CK T1589). Generated from Atomic Red Team procedures; review and test safely before use. [AUTO-INFERRED SAFE STUB],reconnaissance,T1589,Gather Victim Identity Information,whoami & hostname & ipconfig /all & arp -a & netstat -ano,cmd,,,,,,,,stockpile/data/abilities/reconnaissance/,T1589__gather-victim-identity-information.yml,,no
<GENERATE_UUIDv4>,Gather Victim Network Information,Ability for Gather Victim Network Information (ATT&CK T1590). Generated from Atomic Red Team procedures; review and test safely before use. [AUTO-INFERRED SAFE STUB],reconnaissance,T1590,Gather Victim Network Information,whoami & hostname & ipconfig /all & arp -a & netstat -ano,cmd,,,,,,,,stockpile/data/abilities/reconnaissance/,T1590__gather-victim-network-information.yml,,no
<GENERATE_UUIDv4>,Gather Victim Org Information,Ability for Gather Victim Org Information (ATT&CK T1591). Generated from Atomic Red Team procedures; review and test safely before use. [AUTO-INFERRED SAFE STUB],reconnaissance,T1591,Gather Victim Org Information,whoami & hostname & ipconfig /all & arp -a & netstat -ano,cmd,,,,,,,,stockpile/data/abilities/reconnaissance/,T1591__gather-victim-org-information.yml,,no
<GENERATE_UUIDv4>,Search Open Websites/Domains,Ability for Search Open Websites/Domains (ATT&CK T1593). Generated from Atomic Red Team procedures; review and test safely before use. [AUTO-INFERRED SAFE STUB],reconnaissance,T1593,Search Open Websites/Domains,whoami & hostname & ipconfig /all & arp -a & netstat -ano,cmd,,,,,,,,stockpile/data/abilities/reconnaissance/,T1593__search-open-websites-domains.yml,,no
<GENERATE_UUIDv4>,Search Victim-Owned Websites,Ability for Search Victim-Owned Websites (ATT&CK T1594). Generated from Atomic Red Team procedures; review and test safely before use. [AUTO-INFERRED SAFE STUB],reconnaissance,T1594,Search Victim-Owned Websites,whoami & hostname & ipconfig /all & arp -a & netstat -ano,cmd,,,,,,,,stockpile/data/abilities/reconnaissance/,T1594__search-victim-owned-websites.yml,,no
<GENERATE_UUIDv4>,Search Open Technical Databases,Ability for Search Open Technical Databases (ATT&CK T1596). Generated from Atomic Red Team procedures; review and test safely before use. [AUTO-INFERRED SAFE STUB],reconnaissance,T1596,Search Open Technical Databases,whoami & hostname & ipconfig /all & arp -a & netstat -ano,cmd,,,,,,,,stockpile/data/abilities/reconnaissance/,T1596__search-open-technical-databases.yml,,no
<GENERATE_UUIDv4>,Search Closed Sources,Ability for Search Closed Sources (ATT&CK T1597). Generated from Atomic Red Team procedures; review and test safely before use. [AUTO-INFERRED SAFE STUB],reconnaissance,T1597,Search Closed Sources,whoami & hostname & ipconfig /all & arp -a & netstat -ano,cmd,,,,,,,,stockpile/data/abilities/reconnaissance/,T1597__search-closed-sources.yml,,no
<GENERATE_UUIDv4>,Phishing for Information,Ability for Phishing for Information (ATT&CK T1598). Generated from Atomic Red Team procedures; review and test safely before use. [AUTO-INFERRED SAFE STUB],reconnaissance,T1598,Phishing for Information,whoami & hostname & ipconfig /all & arp -a & netstat -ano,cmd,,,,,,,,stockpile/data/abilities/reconnaissance/,T1598__phishing-for-information.yml,,no
<GENERATE_UUIDv4>,Network Boundary Bridging,Ability for Network Boundary Bridging (ATT&CK T1599). Generated from Atomic Red Team procedures; review and test safely before use. [AUTO-INFERRED SAFE STUB],defense-evasion,T1599,Network Boundary Bridging,wevtutil el | findstr /I Security & attrib %USERPROFILE%\*.*,cmd,,,,,,,,stockpile/data/abilities/defense-evasion/,T1599__network-boundary-bridging.yml,,no
<GENERATE_UUIDv4>,Weaken Encryption,Ability for Weaken Encryption (ATT&CK T1600). Generated from Atomic Red Team procedures; review and test safely before use. [AUTO-INFERRED SAFE STUB],defense-evasion,T1600,Weaken Encryption,wevtutil el | findstr /I Security & attrib %USERPROFILE%\*.*,cmd,,,,,,,,stockpile/data/abilities/defense-evasion/,T1600__weaken-encryption.yml,,no
<GENERATE_UUIDv4>,Modify System Image,Ability for Modify System Image (ATT&CK T1601). Generated from Atomic Red Team procedures; review and test safely before use. [AUTO-INFERRED SAFE STUB],defense-evasion,T1601,Modify System Image,wevtutil el | findstr /I Security & attrib %USERPROFILE%\*.*,cmd,,,,,,,,stockpile/data/abilities/defense-evasion/,T1601__modify-system-image.yml,file_or_folder;numeric_mode,no
<GENERATE_UUIDv4>,Data from Configuration Repository,Ability for Data from Configuration Repository (ATT&CK T1602). Generated from Atomic Red Team procedures; review and test safely before use. [AUTO-INFERRED SAFE STUB],collection,T1602,Data from Configuration Repository,"dir ""%USERPROFILE%\Documents"" /S /B | head",cmd,,,,,,,,stockpile/data/abilities/collection/,T1602__data-from-configuration-repository.yml,,no
<GENERATE_UUIDv4>,Forge Web Credentials,Ability for Forge Web Credentials (ATT&CK T1606). Generated from Atomic Red Team procedures; review and test safely before use. [AUTO-INFERRED SAFE STUB],credential-access,T1606,Forge Web Credentials,"cmdkey /list & reg query ""HKLM\SAM"" /reg:64 /v """" 2>nul",cmd,,,,,,,,stockpile/data/abilities/credential-access/,T1606__forge-web-credentials.yml,encrypted_file_name;file_password;input_file_path,no
<GENERATE_UUIDv4>,Stage Capabilities,Ability for Stage Capabilities (ATT&CK T1608). Generated from Atomic Red Team procedures; review and test safely before use. [AUTO-INFERRED SAFE STUB],resource-development,T1608,Stage Capabilities,whoami & hostname & ipconfig /all & arp -a & netstat -ano,cmd,,,,,,,,stockpile/data/abilities/resource-development/,T1608__stage-capabilities.yml,,no
<GENERATE_UUIDv4>,Container Administration Command,Ability for Container Administration Command (ATT&CK T1609). Generated from Atomic Red Team procedures; review and test safely before use. [AUTO-INFERRED SAFE STUB],execution,T1609,Container Administration Command,"powershell -NoProfile -Command ""Write-Output \""#{message}\""""",psh,,,,,,,,stockpile/data/abilities/execution/,T1609__container-administration-command.yml,,no
<GENERATE_UUIDv4>,Deploy Container,Ability for Deploy Container (ATT&CK T1610). Generated from Atomic Red Team procedures; review and test safely before use. [AUTO-INFERRED SAFE STUB],defense-evasion,T1610,Deploy Container,wevtutil el | findstr /I Security & attrib %USERPROFILE%\*.*,cmd,,,,,,,,stockpile/data/abilities/defense-evasion/,T1610__deploy-container.yml,,no
<GENERATE_UUIDv4>,Escape to Host,Ability for Escape to Host (ATT&CK T1611). Generated from Atomic Red Team procedures; review and test safely before use. [AUTO-INFERRED SAFE STUB],privilege-escalation,T1611,Escape to Host,whoami /priv,cmd,,,,,,,,stockpile/data/abilities/privilege-escalation/,T1611__escape-to-host.yml,,no
<GENERATE_UUIDv4>,Build Image on Host,Ability for Build Image on Host (ATT&CK T1612). Generated from Atomic Red Team procedures; review and test safely before use. [AUTO-INFERRED SAFE STUB],defense-evasion,T1612,Build Image on Host,wevtutil el | findstr /I Security & attrib %USERPROFILE%\*.*,cmd,,,,,,,,stockpile/data/abilities/defense-evasion/,T1612__build-image-on-host.yml,,no
<GENERATE_UUIDv4>,Container and Resource Discovery,Ability for Container and Resource Discovery (ATT&CK T1613). Generated from Atomic Red Team procedures; review and test safely before use. [AUTO-INFERRED SAFE STUB],discovery,T1613,Container and Resource Discovery,whoami & hostname & ipconfig /all & arp -a & netstat -ano & wmic process list brief,cmd,,,,,,,,stockpile/data/abilities/discovery/,T1613__container-and-resource-discovery.yml,,no
<GENERATE_UUIDv4>,Cloud Storage Object Discovery,Ability for Cloud Storage Object Discovery (ATT&CK T1619). Generated from Atomic Red Team procedures; review and test safely before use. [AUTO-INFERRED SAFE STUB],discovery,T1619,Cloud Storage Object Discovery,whoami & hostname & ipconfig /all & arp -a & netstat -ano & wmic process list brief,cmd,,,,,,,,stockpile/data/abilities/discovery/,T1619__cloud-storage-object-discovery.yml,,yes
<GENERATE_UUIDv4>,Multi-Factor Authentication Request Generation,Ability for Multi-Factor Authentication Request Generation (ATT&CK T1621). Generated from Atomic Red Team procedures; review and test safely before use. [AUTO-INFERRED SAFE STUB],credential-access,T1621,Multi-Factor Authentication Request Generation,"cmdkey /list & reg query ""HKLM\SAM"" /reg:64 /v """" 2>nul",cmd,,,,,,,,stockpile/data/abilities/credential-access/,T1621__multi-factor-authentication-request-generation.yml,search_string,no
<GENERATE_UUIDv4>,Plist File Modification,Ability for Plist File Modification (ATT&CK T1647). Generated from Atomic Red Team procedures; review and test safely before use. [AUTO-INFERRED SAFE STUB],defense-evasion,T1647,Plist File Modification,wevtutil el | findstr /I Security & attrib %USERPROFILE%\*.*,cmd,,,,,,,,stockpile/data/abilities/defense-evasion/,T1647__plist-file-modification.yml,,no
<GENERATE_UUIDv4>,Serverless Execution,Ability for Serverless Execution (ATT&CK T1648). Generated from Atomic Red Team procedures; review and test safely before use. [AUTO-INFERRED SAFE STUB],execution,T1648,Serverless Execution,"powershell -NoProfile -Command ""Write-Output \""#{message}\""""",psh,,,,,,,,stockpile/data/abilities/execution/,T1648__serverless-execution.yml,binary_path;domain;port,no
<GENERATE_UUIDv4>,Acquire Access,Ability for Acquire Access (ATT&CK T1650). Generated from Atomic Red Team procedures; review and test safely before use. [AUTO-INFERRED SAFE STUB],resource-development,T1650,Acquire Access,whoami & hostname & ipconfig /all & arp -a & netstat -ano,cmd,,,,,,,,stockpile/data/abilities/resource-development/,T1650__acquire-access.yml,,no
<GENERATE_UUIDv4>,Cloud Administration Command,Ability for Cloud Administration Command (ATT&CK T1651). Generated from Atomic Red Team procedures; review and test safely before use. [AUTO-INFERRED SAFE STUB],execution,T1651,Cloud Administration Command,"powershell -NoProfile -Command ""Write-Output \""#{message}\""""",psh,,,,,,,,stockpile/data/abilities/execution/,T1651__cloud-administration-command.yml,,no
<GENERATE_UUIDv4>,Power Settings,Ability for Power Settings (ATT&CK T1653). Generated from Atomic Red Team procedures; review and test safely before use. [AUTO-INFERRED SAFE STUB],persistence,T1653,Power Settings,schtasks /Query /FO LIST /V,cmd,,,,,,,,stockpile/data/abilities/persistence/,T1653__power-settings.yml,,no
<GENERATE_UUIDv4>,Impersonation,Ability for Impersonation (ATT&CK T1656). Generated from Atomic Red Team procedures; review and test safely before use. [AUTO-INFERRED SAFE STUB],defense-evasion,T1656,Impersonation,wevtutil el | findstr /I Security & attrib %USERPROFILE%\*.*,cmd,,,,,,,,stockpile/data/abilities/defense-evasion/,T1656__impersonation.yml,,no
<GENERATE_UUIDv4>,Financial Theft,Ability for Financial Theft (ATT&CK T1657). Generated from Atomic Red Team procedures; review and test safely before use. [AUTO-INFERRED SAFE STUB],impact,T1657,Financial Theft,"echo ""impact-simulation: #{message}""",cmd,,,,,,,,stockpile/data/abilities/impact/,T1657__financial-theft.yml,,no
<GENERATE_UUIDv4>,Content Injection,Ability for Content Injection (ATT&CK T1659). Generated from Atomic Red Team procedures; review and test safely before use. [AUTO-INFERRED SAFE STUB],command-and-control,T1659,Content Injection,"powershell -NoProfile -Command ""Invoke-WebRequest -UseBasicParsing http://#{c2_host}:#{c2_port}/beacon?id=#{paw} -Method GET""",psh,,,,,,,,stockpile/data/abilities/command-and-control/,T1659__content-injection.yml,,no
<GENERATE_UUIDv4>,Hide Infrastructure,Ability for Hide Infrastructure (ATT&CK T1665). Generated from Atomic Red Team procedures; review and test safely before use. [AUTO-INFERRED SAFE STUB],command-and-control,T1665,Hide Infrastructure,"powershell -NoProfile -Command ""Invoke-WebRequest -UseBasicParsing http://#{c2_host}:#{c2_port}/beacon?id=#{paw} -Method GET""",psh,,,,,,,,stockpile/data/abilities/command-and-control/,T1665__hide-infrastructure.yml,,no
<GENERATE_UUIDv4>,Modify Cloud Resource Hierarchy,Ability for Modify Cloud Resource Hierarchy (ATT&CK T1666). Generated from Atomic Red Team procedures; review and test safely before use. [AUTO-INFERRED SAFE STUB],defense-evasion,T1666,Modify Cloud Resource Hierarchy,wevtutil el | findstr /I Security & attrib %USERPROFILE%\*.*,cmd,,,,,,,,stockpile/data/abilities/defense-evasion/,T1666__modify-cloud-resource-hierarchy.yml,ip_lookup_url,no
<GENERATE_UUIDv4>,Email Bombing,Ability for Email Bombing (ATT&CK T1667). Generated from Atomic Red Team procedures; review and test safely before use. [AUTO-INFERRED SAFE STUB],impact,T1667,Email Bombing,"echo ""impact-simulation: #{message}""",cmd,,,,,,,,stockpile/data/abilities/impact/,T1667__email-bombing.yml,,no
<GENERATE_UUIDv4>,Exclusive Control,Ability for Exclusive Control (ATT&CK T1668). Generated from Atomic Red Team procedures; review and test safely before use. [AUTO-INFERRED SAFE STUB],persistence,T1668,Exclusive Control,schtasks /Query /FO LIST /V,cmd,,,,,,,,stockpile/data/abilities/persistence/,T1668__exclusive-control.yml,,no
<GENERATE_UUIDv4>,Wi-Fi Networks,Ability for Wi-Fi Networks (ATT&CK T1669). Generated from Atomic Red Team procedures; review and test safely before use. [AUTO-INFERRED SAFE STUB],initial-access,T1669,Wi-Fi Networks,whoami & hostname,cmd,,,,,,,,stockpile/data/abilities/initial-access/,T1669__wi-fi-networks.yml,,no
<GENERATE_UUIDv4>,Cloud Application Integration,Ability for Cloud Application Integration (ATT&CK T1671). Generated from Atomic Red Team procedures; review and test safely before use. [AUTO-INFERRED SAFE STUB],persistence,T1671,Cloud Application Integration,schtasks /Query /FO LIST /V,cmd,,,,,,,,stockpile/data/abilities/persistence/,T1671__cloud-application-integration.yml,,no
<GENERATE_UUIDv4>,Email Spoofing,Ability for Email Spoofing (ATT&CK T1672). Generated from Atomic Red Team procedures; review and test safely before use. [AUTO-INFERRED SAFE STUB],defense-evasion,T1672,Email Spoofing,wevtutil el | findstr /I Security & attrib %USERPROFILE%\*.*,cmd,,,,,,,,stockpile/data/abilities/defense-evasion/,T1672__email-spoofing.yml,,no
<GENERATE_UUIDv4>,Virtual Machine Discovery,Ability for Virtual Machine Discovery (ATT&CK T1673). Generated from Atomic Red Team procedures; review and test safely before use. [AUTO-INFERRED SAFE STUB],discovery,T1673,Virtual Machine Discovery,whoami & hostname & ipconfig /all & arp -a & netstat -ano & wmic process list brief,cmd,,,,,,,,stockpile/data/abilities/discovery/,T1673__virtual-machine-discovery.yml,,no
<GENERATE_UUIDv4>,Input Injection,Ability for Input Injection (ATT&CK T1674). Generated from Atomic Red Team procedures; review and test safely before use. [AUTO-INFERRED SAFE STUB],execution,T1674,Input Injection,"powershell -NoProfile -Command ""Write-Output \""#{message}\""""",psh,,,,,,,,stockpile/data/abilities/execution/,T1674__input-injection.yml,,no
<GENERATE_UUIDv4>,ESXi Administration Command,Ability for ESXi Administration Command (ATT&CK T1675). Generated from Atomic Red Team procedures; review and test safely before use. [AUTO-INFERRED SAFE STUB],execution,T1675,ESXi Administration Command,"powershell -NoProfile -Command ""Write-Output \""#{message}\""""",psh,,,,,,,,stockpile/data/abilities/execution/,T1675__esxi-administration-command.yml,,no
